model,RMSE,MAE,MAPE
"ARIMA(2, 1, 1)",44.181836038769276,26.82932398952237,27.932980322709298
Prophet,59.309610084330856,45.90016551739611,67.68078336623358
